KMeans_Labels,Draw,Lose,Win
0,22.356215213358073,29.684601113172544,47.95918367346938
1,28.471001757469246,39.45518453427065,32.073813708260104
2,23.885793871866294,41.99164345403899,34.12256267409471
