KMeans_Labels,Draw,Lose,Win
0,21.382751247327157,44.61867426942266,33.998574483250174
1,24.971231300345227,27.617951668584578,47.410817031070195
2,28.333333333333332,36.666666666666664,35.0
