KMeans_Labels,Draw,Lose,Win
0,21.6,43.06666666666666,35.333333333333336
1,24.37923250564334,28.555304740406324,47.065462753950335
2,29.067930489731435,37.36176935229068,33.57030015797788
