KMeans_Labels,Draw,Lose,Win
0,25.380401704199635,42.97017650639075,31.649421789409615
1,29.735682819383257,36.013215859030836,34.2511013215859
2,20.072661217075385,30.79019073569482,49.137148047229786
