BKMeans_Labels,Draw,Lose,Win
0,26.461038961038962,45.12987012987013,28.40909090909091
1,24.124809741248097,35.15981735159817,40.71537290715373
2,20.816326530612244,15.510204081632653,63.6734693877551
